Workbook

Sheet 主表
A1: 示例数据 · 长沙市天心区青园小学百川楼打卡文化墙采购项目（A3 选中标单位，其余字段自动联动）
A2: 中标单位 | B2: 项目名称 | C2: 甲方名称 | D2: 甲方地址 | E2: 甲方联系人 | F2: 甲方电话 | G2: 乙方名称 | H2: 乙方地址 | I2: 乙方联系人 | J2: 乙方电话 | K2: 乙方法定代表人 | L2: 统一社会信用代码 | M2: 金额小写（元） | N2: 金额大写
A3: 大班威 | B3: 长沙市天心区青园小学百川楼打卡文化墙采购项目 | C3: 长沙市天心区青园小学 | D3: 长沙市天心区万芙北路189号 | E3: 刘主任 | F3: 0731-85894211 | G3: =IFERROR(VLOOKUP($A$3,供应商信息!$B$3:$M$11,2,FALSE),"") -> 湖南大班威广告传媒有限公司 | H3: =IFERROR(VLOOKUP($A$3,供应商信息!$B$3:$M$11,7,FALSE),"") -> 长沙经济技术开发区盼盼路12号湖南湘联科技有限公司厂房401（4-001—4-019） | I3: =IFERROR(VLOOKUP($A$3,供应商信息!$B$3:$M$11,8,FALSE),"") -> 孙威 | J3: =IFERROR(VLOOKUP($A$3,供应商信息!$B$3:$M$11,9,FALSE),"") -> 13507409923 | K3: =IFERROR(VLOOKUP($A$3,供应商信息!$B$3:$M$11,4,FALSE),"") -> 孙威 | L3: =IFERROR(VLOOKUP($A$3,供应商信息!$B$3:$M$11,3,FALSE),"") -> 91430111394064620T | M3: =IFERROR(VLOOKUP($A$3,供应商信息!$B$3:$M$11,10,FALSE),"") -> 47799 | N3: =IFERROR(VLOOKUP($A$3,供应商信息!$B$3:$M$11,11,FALSE),"") -> 肆万柒仟柒佰玖拾玖元整

Sheet 明细
A1: 示例数据 · 明细表（中标方「长沙晨早文化传播有限公司」报价，8 行物料）
A2: 序号 | B2: 名称 | C2: 型号规格、标准及配置 | D2: 数量 | E2: 单位 | F2: 单价（元） | G2: 金额（元）
A3: 1 | B3: 人物造型 | C3: 20mm厚结皮pvc板侧面刮灰烤漆，正uv打印，立体字 | D3: 1 | E3: 项 | F3: 2400 | G3: =IF(OR(D3="",F3=""),"",D3*F3) -> 2400
A4: 2 | B4: 底板造型材料 | C4: 50*50*3mm厚方管焊接龙骨架，侧面和正面安装1.5mm厚热镀锌板 | D4: 75 | E4: m2 | F4: 210 | G4: =IF(OR(D4="",F4=""),"",D4*F4) -> 15750
A5: 3 | B5: 光纤激光切割 | C5: 1.5mm厚热镀锌板激光切割 | D5: 75 | E5: m2 | F5: 14 | G5: =IF(OR(D5="",F5=""),"",D5*F5) -> 1050
A6: 4 | B6: 焊接打磨 | C6: 按设计要求焊接50mm边，精细打磨，正面封板 | D6: 75 | E6: m2 | F6: 110 | G6: =IF(OR(D6="",F6=""),"",D6*F6) -> 8250
A7: 5 | B7: 辅材 | C7: 膨胀螺丝焊条等 | D7: 1 | E7: 项 | F7: 800 | G7: =IF(OR(D7="",F7=""),"",D7*F7) -> 800
A8: 6 | B8: 油漆喷涂 | C8: 刮汽车原子灰，正反两面喷环氧底漆2遍 | D8: 150 | E8: m2 | F8: 78 | G8: =IF(OR(D8="",F8=""),"",D8*F8) -> 11700
A9: 7 | B9: 运输 | C9: 6.8米货车 | D9: 1 | E9: m2 | F9: 800 | G9: =IF(OR(D9="",F9=""),"",D9*F9) -> 800
A10: 8 | B10: 人员安装 | C10: 专业人员安装 | D10: 13 | E10: 人 | F10: 300 | G10: =IF(OR(D10="",F10=""),"",D10*F10) -> 3900
A11: 合 计 | G11: =SUM(G3:G10) -> 44650

Sheet 供应商信息
A1: 九家供应商信息对照（按报价由低到高；主表 A3 的下拉即取自 B 列）
A2: 报价排名 | B2: 公司简称 | C2: 公司全称 | D2: 统一社会信用代码 | E2: 法定代表人 | F2: 注册资本 | G2: 成立日期 | H2: 注册地址 | I2: 报价联系人 | J2: 联系电话 | K2: 报价总额（元） | L2: 报价大写 | M2: 数据性质
A3: 1 | B3: 晨早 | C3: 长沙晨早文化传播有限公司 | D3: 91430103MA4QXDUY22 | E3: 蒋美益 | F3: 100 万元 | G3: 2019-11-06 | H3: 湖南省长沙市天心区南二环282号3栋2116 | I3: 罗艳军 | J3: 13077327233 | K3: 44650 | L3: 肆万肆仟陆佰伍拾元整 | M3: 真实报价
A4: 2 | B4: 泉旭 | C4: 长沙泉旭广告传媒有限公司 | D4: 91430121MACQMH1W7E | E4: 张何 | F4: 20 万元 | G4: 2023-08-08 | H4: 长沙市雨花区高桥街道人民东路58号新三诚大厦1101-1102房F040号 | I4: 张何 | J4: 15111062831 | K4: 45875 | L4: 肆万伍仟捌佰柒拾伍元整 | M4: 真实报价
A5: 3 | B5: 左右 | C5: 长沙左右文化传播有限公司 | D5: 91430103794720885W | E5: 刘念 | F5: 200 万元 | G5: 2006-11-06 | H5: 湖南省长沙市天心区书院南路723号卓越江岸苑3栋1112号房 | I5: 刘念 | J5: 13707319090 | K5: 46713 | L5: 肆万陆仟柒佰壹拾叁元整 | M5: 模拟报价
A6: 4 | B6: 五九 | C6: 湖南五九广告装饰工程有限公司 | D6: 91430104338468778X | E6: 龙彬 | F6: 200 万元 | G6: 2015-04-23 | H6: 湖南省长沙市岳麓区咸嘉湖街道桐梓坡路519号高鑫麓城14栋308房 | I6: 龙彬 | J6: 15126584671 | K6: 47449 | L6: 肆万柒仟肆佰肆拾玖元整 | M6: 模拟报价
A7: 5 | B7: 东方恒大 | C7: 湖南东方恒大广告传媒有限公司 | D7: 91430111MA4L425108 | E7: 张小海 | F7: 300 万元 | G7: 2016-04-27 | H7: 长沙市雨花区井莲路397号紫铭大厦1337号房 | I7: 张小海 | J7: 0731-85069118 | K7: 47624 | L7: 肆万柒仟陆佰贰拾肆元整 | M7: 模拟报价
A8: 6 | B8: 大班威 | C8: 湖南大班威广告传媒有限公司 | D8: 91430111394064620T | E8: 孙威 | F8: 200 万元 | G8: 2014-09-22 | H8: 长沙经济技术开发区盼盼路12号湖南湘联科技有限公司厂房401（4-001—4-019） | I8: 孙威 | J8: 13507409923 | K8: 47799 | L8: 肆万柒仟柒佰玖拾玖元整 | M8: 模拟报价
A9: 7 | B9: 天高 | C9: 长沙市天高文化传播有限公司 | D9: 9143011177228738X1 | E9: 李智 | F9: 100 万元 | G9: 2005-03-28 | H9: 湖南省长沙市天心区书院路2号森宇房地产1栋B座907房 | I9: 李智 | J9: 13307316919 | K9: 47859 | L9: 肆万柒仟捌佰伍拾玖元整 | M9: 模拟报价
A10: 8 | B10: 上策 | C10: 长沙上策文化传播有限公司 | D10: 914301056639728634 | E10: 邓谋民 | F10: 101 万元 | G10: 2007-07-17 | H10: 湖南省长沙市开福区四方坪麦德龙北侧四季美景小区15栋103房 | I10: 邓谋民 | J10: 13549666136 | K10: 47925 | L10: 肆万柒仟玖佰贰拾伍元整 | M10: 真实报价
A11: 9 | B11: 泽信 | C11: 长沙泽信文化传播有限公司 | D11: 91430105083553988Q | E11: 晏乐杰 | F11: 100 万元 | G11: 2013-11-14 | H11: 湖南省长沙市天心区五一大道717号1801房 | I11: 晏乐杰 | J11: 15111261647 | K11: 48888 | L11: 肆万捌仟捌佰捌拾捌元整 | M11: 模拟报价

Sheet 报价对比
A1: 九家报价单价对照（单价单位：元；标黄三家为模拟数据）
A2: 序号 | B2: 项目名称 | C2: 数量 | D2: 单位 | E2: 晨早 | F2: 泉旭 | G2: 左右 | H2: 五九 | I2: 东方恒大 | J2: 大班威 | K2: 天高 | L2: 上策 | M2: 泽信 | N2: 最低价方
A3: 1 | B3: 人物造型 | C3: 1 | D3: 项 | E3: 2400 | F3: 2450 | G3: 2440 | H3: 2583 | I3: 2481 | J3: 2451 | K3: 2459 | L3: 2500 | M3: 2585 | N3: =INDEX($E$2:$M$2,MATCH(MIN(E3:M3),E3:M3,0)) -> 晨早
A4: 2 | B4: 底板造型材料 | C4: 75 | D4: m2 | E4: 210 | F4: 215 | G4: 217 | H4: 218 | I4: 225 | J4: 232 | K4: 222 | L4: 220 | M4: 235 | N4: =INDEX($E$2:$M$2,MATCH(MIN(E4:M4),E4:M4,0)) -> 晨早
A5: 3 | B5: 光纤激光切割 | C5: 75 | D5: m2 | E5: 14 | F5: 14 | G5: 14 | H5: 16 | I5: 15 | J5: 14 | K5: 15 | L5: 15 | M5: 15 | N5: =INDEX($E$2:$M$2,MATCH(MIN(E5:M5),E5:M5,0)) -> 晨早
A6: 4 | B6: 焊接打磨 | C6: 75 | D6: m2 | E6: 110 | F6: 118 | G6: 119 | H6: 121 | I6: 119 | J6: 117 | K6: 125 | L6: 120 | M6: 118 | N6: =INDEX($E$2:$M$2,MATCH(MIN(E6:M6),E6:M6,0)) -> 晨早
A7: 5 | B7: 辅材 | C7: 1 | D7: 项 | E7: 800 | F7: 700 | G7: 790 | H7: 756 | I7: 764 | J7: 734 | K7: 737 | L7: 800 | M7: 789 | N7: =INDEX($E$2:$M$2,MATCH(MIN(E7:M7),E7:M7,0)) -> 泉旭
A8: 6 | B8: 油漆喷涂 | C8: 150 | D8: m2 | E8: 78 | F8: 76 | G8: 79 | H8: 84 | I8: 83 | J8: 79 | K8: 81 | L8: 80 | M8: 84 | N8: =INDEX($E$2:$M$2,MATCH(MIN(E8:M8),E8:M8,0)) -> 泉旭
A9: 7 | B9: 运输 | C9: 1 | D9: m2 | E9: 800 | F9: 800 | G9: 846 | H9: 842 | I9: 896 | J9: 859 | K9: 891 | L9: 800 | M9: 881 | N9: =INDEX($E$2:$M$2,MATCH(MIN(E9:M9),E9:M9,0)) -> 晨早
A10: 8 | B10: 人员安装 | C10: 13 | D10: 人 | E10: 300 | F10: 350 | G10: 349 | H10: 311 | I10: 316 | J10: 360 | K10: 344 | L10: 400 | M10: 341 | N10: =INDEX($E$2:$M$2,MATCH(MIN(E10:M10),E10:M10,0)) -> 晨早
A11: 合 计（数量 × 单价） | E11: =SUMPRODUCT($C$3:$C$10,E3:E10) -> 44650 | F11: =SUMPRODUCT($C$3:$C$10,F3:F10) -> 45925 | G11: =SUMPRODUCT($C$3:$C$10,G3:G10) -> 46713 | H11: =SUMPRODUCT($C$3:$C$10,H3:H10) -> 47449 | I11: =SUMPRODUCT($C$3:$C$10,I3:I10) -> 47624 | J11: =SUMPRODUCT($C$3:$C$10,J3:J10) -> 47799 | K11: =SUMPRODUCT($C$3:$C$10,K3:K10) -> 47859 | L11: =SUMPRODUCT($C$3:$C$10,L3:L10) -> 47925 | M11: =SUMPRODUCT($C$3:$C$10,M3:M10) -> 48888
A12: 注 1：泉旭合计按「单价 × 数量」重算为 45,925 元，其报价清单原写 45,875 元——序号 1 单价 2,450 × 1，总价却被填成 2,400，少 50 元。注 2：左右、五九、东方恒大、大班威、天高、泽信六家的公司信息真实，报价为随机模拟，仅用于模板填充测试，不得作为真实报价使用。

Sheet 说明
A1: 字段映射表（当前值随主表 A3 选择的中标单位自动变化）
A2: 模板红字占位 | B2: 主表列名 | C2: 供应商信息字段 | D2: 当前值（随中标单位联动） | E2: 来源 / 备注
A3: 某某甲方 | B3: 甲方名称 | C3: —（固定值） | D3: =主表!C3 -> 长沙市天心区青园小学 | E3: 签收单「采购人名称」；百度百科校址
A4: 某某甲方地址 | B4: 甲方地址 | C4: —（固定值） | D4: =主表!D3 -> 长沙市天心区万芙北路189号 | E4: 青园小学公开校址
A5: 采购单位联系人 | B5: 甲方联系人 | C5: —（固定值） | D5: =主表!E3 -> 刘主任 | E5: 长沙市政府采购网 · 青园小学采购公告「采购人信息」栏
A6: 采购单位电话 | B6: 甲方电话 | C6: —（固定值） | D6: =主表!F3 -> 0731-85894211 | E6: 同上，为采购公告登记电话
A7: 某某甲方某某项目 / 某某文化墙 | B7: 项目名称 | C7: —（固定值） | D7: =主表!B3 -> 长沙市天心区青园小学百川楼打卡文化墙采购项目 | E7: 三份报价清单表头
A8: 某某公司 | B8: 乙方名称 | C8: 公司全称 | D8: =主表!G3 -> 湖南大班威广告传媒有限公司 | E8: 工商登记全称（无「市」字）
A9: 某某公司地址 | B9: 乙方地址 | C9: 注册地址 | D9: =主表!H3 -> 长沙经济技术开发区盼盼路12号湖南湘联科技有限公司厂房401（4-001—4-019） | E9: 工商登记注册地址
A10: 联系人 | B10: 乙方联系人 | C10: 报价联系人 | D10: =主表!I3 -> 孙威 | E10: 报价清单落款
A11: 联系电话 | B11: 乙方电话 | C11: 联系电话 | D11: =主表!J3 -> 13507409923 | E11: 报价清单落款 / 平台公开号码
A12: 法定代表人 | B12: 乙方法定代表人 | C12: 法定代表人 | D12: =主表!K3 -> 孙威 | E12: 工商登记；与报价单联系人可能不是同一人
A13: — | B13: 统一社会信用代码 | C13: 统一社会信用代码 | D13: =主表!L3 -> 91430111394064620T | E13: 第三方平台，需在国家企业信用信息公示系统核对
A14: 44650.00 | B14: 金额小写（元） | C14: 报价总额（元） | D14: =主表!M3 -> 47799 | E14: 各供应商报价合计
A15: 肆万肆仟陆佰伍拾元整 | B15: 金额大写 | C15: 报价大写 | D15: =主表!N3 -> 肆万柒仟柒佰玖拾玖元整 | E15: 按报价总额程序生成
A17: 使用说明与注意事项
A18: 1. 【换中标方】主表 A3 是下拉框，从九家供应商里选任意一家，乙方名称 / 地址 / 联系人 / 电话 / 法定代表人 / 统一社会信用代码 / 金额小写 / 金额大写 八个字段全部自动联动，本表「当前值」列同步变化，不需要手动改任何一格。
A19: 2. 【为什么不写死】模板填充脚本读的是主表第 3 行，改 A3 就等于换了整份合同的主体，晨早、泉旭、上策之外的六家同样可用。若选中的单位与「报价对比」里的最低价不一致，脚本不会阻止，需人工确认是否符合「最低价成交」原则。
A20: 3. 【明细表不联动】明细表固定是晨早的 8 行报价，因为另外八家没有逐项报价单。换中标方时明细需另行提供，否则金额会与主表对不上。
A21: 4. 九家里只有晨早、泉旭、上策三家真实参与本项目，金额来自其报价清单；其余六家（左右、五九、东方恒大、大班威、天高、泽信）公司信息真实可查，但报价为随机生成，纯属模拟，不得作为真实报价或竞争性磋商依据使用。
A22: 5. 乙方名称以工商登记为准：报价清单写「长沙【市】晨早文化传播有限公司」，工商登记为「长沙晨早文化传播有限公司」，多一个「市」字（已修正）。签收单写的是后者。
A23: 6. 泉旭报价清单算术有误：序号 1「人物造型」单价 2450、数量 1，总价却填 2400（少 50 元）。按其单价重算，泉旭合计应为 45925 而非报价单上的 45875；本表「报价总额」沿用报价单原值 45875。
A24: 7. 甲方联系人与电话取自长沙市政府采购网青园小学采购公告「采购人信息」栏（刘主任 / 0731-85894211），比学校名录上的招生咨询电话更对口。九家供应商电话中，五九的为手工填写，其余为第三方平台或年报公示号码，使用前均需核实。
A25: 8. 红字判定口径：红色系（R≥0x80 且 G≤0x60 且 B≤0x60），覆盖 EE0000 与 FF0000 两种模板标注色。
